config_index,experiment,model,symbols,complexity,seed_index,seed_string,target_string,sequence_length,window_size,forecast_horizon,layers,units,d_model,matched_target_size_m,matched_param_abs_error_m,matched_param_rel_error,optimizer,learning_rate,weight_decay,batch_size,run,model_params,model_size_m,train_time,epochs,time_per_epoch,memory_mb,test_loss,test_accuracy,DL,JW,forecast
0,matched_size_high_complexity,LSTM,4,90,0,BCDAADBCBDCCBDDCCBACBCAABCAACAABBDCBBDDADDCCABDAAAACBBBCAAAAADBBCDBBCAAADDAAADDBACBDDBCADBADCBCBDADDDACABCDDDCCDCAACADDDCACACCBCBCBCDDDDAABCBACBCCDDDADCDACCACCBDDDBABACBDCAABBCDADBBCDAADCDDDDACDCDABDDCAAABC,BCDDDCCDCAACADDDCACACCBCBCBCDDDDAABCBACBCCDDDADCDACCACCBDDDBABACBDCAABBCDADBBCDAADCDDDDACDCDABDDCAAA,3500,100,100,2,128,0,0.2,0.0012199999999999,0.0060999999999999,AdamW,0.0003,0.01,128,0,201220,0.20122,96.30789875984192,90,1.0700877639982436,211.8134765625,0.0482497364282608,1.0,0.0,0.0,BCDDDCCDCAACADDDCACACCBCBCBCDDDDAABCBACBCCDDDADCDACCACCBDDDBABACBDCAABBCDADBBCDAADCDDDDACDCDABDDCAAA
1,matched_size_high_complexity,LSTM,4,90,0,BCDAADBCBDCCBDDCCBACBCAABCAACAABBDCBBDDADDCCABDAAAACBBBCAAAAADBBCDBBCAAADDAAADDBACBDDBCADBADCBCBDADDDACABCDDDCCDCAACADDDCACACCBCBCBCDDDDAABCBACBCCDDDADCDACCACCBDDDBABACBDCAABBCDADBBCDAADCDDDDACDCDABDDCAAABC,BCDDDCCDCAACADDDCACACCBCBCBCDDDDAABCBACBCCDDDADCDACCACCBDDDBABACBDCAABBCDADBBCDAADCDDDDACDCDABDDCAAA,3500,100,100,2,128,0,0.2,0.0012199999999999,0.0060999999999999,AdamW,0.0003,0.01,128,1,201220,0.20122,91.70551466941832,85,1.07888840787551,211.8134765625,0.0472205964227517,1.0,0.0,0.0,BCDDDCCDCAACADDDCACACCBCBCBCDDDDAABCBACBCCDDDADCDACCACCBDDDBABACBDCAABBCDADBBCDAADCDDDDACDCDABDDCAAA
2,matched_size_high_complexity,GRU,4,90,0,BCDAADBCBDCCBDDCCBACBCAABCAACAABBDCBBDDADDCCABDAAAACBBBCAAAAADBBCDBBCAAADDAAADDBACBDDBCADBADCBCBDADDDACABCDDDCCDCAACADDDCACACCBCBCBCDDDDAABCBACBCCDDDADCDACCACCBDDDBABACBDCAABBCDADBBCDAADCDDDDACDCDABDDCAAABC,BCDDDCCDCAACADDDCACACCBCBCBCDDDDAABCBACBCCDDDADCDACCACCBDDDBABACBDCAABBCDADBBCDAADCDDDDACDCDABDDCAAA,3500,100,100,2,160,0,0.2,0.034884,0.17442,AdamW,0.0003,0.01,128,0,234884,0.234884,70.81987643241882,64,1.106560569256544,227.671875,0.0487731968363126,1.0,0.0,0.0,BCDDDCCDCAACADDDCACACCBCBCBCDDDDAABCBACBCCDDDADCDACCACCBDDDBABACBDCAABBCDADBBCDAADCDDDDACDCDABDDCAAA
3,matched_size_high_complexity,GRU,4,90,0,BCDAADBCBDCCBDDCCBACBCAABCAACAABBDCBBDDADDCCABDAAAACBBBCAAAAADBBCDBBCAAADDAAADDBACBDDBCADBADCBCBDADDDACABCDDDCCDCAACADDDCACACCBCBCBCDDDDAABCBACBCCDDDADCDACCACCBDDDBABACBDCAABBCDADBBCDAADCDDDDACDCDABDDCAAABC,BCDDDCCDCAACADDDCACACCBCBCBCDDDDAABCBACBCCDDDADCDACCACCBDDDBABACBDCAABBCDADBBCDAADCDDDDACDCDABDDCAAA,3500,100,100,2,160,0,0.2,0.034884,0.17442,AdamW,0.0003,0.01,128,1,234884,0.234884,65.21350932121277,57,1.1440966547581188,227.671875,0.0502236125369866,1.0,0.0,0.0,BCDDDCCDCAACADDDCACACCBCBCBCDDDDAABCBACBCCDDDADCDACCACCBDDDBABACBDCAABBCDADBBCDAADCDDDDACDCDABDDCAAA
4,matched_size_high_complexity,Transformer,4,90,0,BCDAADBCBDCCBDDCCBACBCAABCAACAABBDCBBDDADDCCABDAAAACBBBCAAAAADBBCDBBCAAADDAAADDBACBDDBCADBADCBCBDADDDACABCDDDCCDCAACADDDCACACCBCBCBCDDDDAABCBACBCCDDDADCDACCACCBDDDBABACBDCAABBCDADBBCDAADCDDDDACDCDABDDCAAABC,BCDDDCCDCAACADDDCACACCBCBCBCDDDDAABCBACBCCDDDADCDACCACCBDDDBABACBDCAABBCDADBBCDAADCDDDDACDCDABDDCAAA,3500,100,100,2,256,64,0.2,0.0343079999999999,0.1715399999999999,AdamW,0.0003,0.01,128,0,234308,0.234308,13.65937852859497,30,0.4553126176198324,333.14404296875,0.0396835878491401,0.993939393939394,0.0,0.0,BCDDDCCDCAACADDDCACACCBCBCBCDDDDAABCBACBCCDDDADCDACCACCBDDDBABACBDCAABBCDADBBCDAADCDDDDACDCDABDDCAAA
5,matched_size_high_complexity,Transformer,4,90,0,BCDAADBCBDCCBDDCCBACBCAABCAACAABBDCBBDDADDCCABDAAAACBBBCAAAAADBBCDBBCAAADDAAADDBACBDDBCADBADCBCBDADDDACABCDDDCCDCAACADDDCACACCBCBCBCDDDDAABCBACBCCDDDADCDACCACCBDDDBABACBDCAABBCDADBBCDAADCDDDDACDCDABDDCAAABC,BCDDDCCDCAACADDDCACACCBCBCBCDDDDAABCBACBCCDDDADCDACCACCBDDDBABACBDCAABBCDADBBCDAADCDDDDACDCDABDDCAAA,3500,100,100,2,256,64,0.2,0.0343079999999999,0.1715399999999999,AdamW,0.0003,0.01,128,1,234308,0.234308,15.43563675880432,34,0.4539893164354212,333.14404296875,0.0513857702414194,0.993939393939394,0.0,0.0,BCDDDCCDCAACADDDCACACCBCBCBCDDDDAABCBACBCCDDDADCDACCACCBDDDBABACBDCAABBCDADBBCDAADCDDDDACDCDABDDCAAA
6,matched_size_high_complexity,LinearAttention,4,90,0,BCDAADBCBDCCBDDCCBACBCAABCAACAABBDCBBDDADDCCABDAAAACBBBCAAAAADBBCDBBCAAADDAAADDBACBDDBCADBADCBCBDADDDACABCDDDCCDCAACADDDCACACCBCBCBCDDDDAABCBACBCCDDDADCDACCACCBDDDBABACBDCAABBCDADBBCDAADCDDDDACDCDABDDCAAABC,BCDDDCCDCAACADDDCACACCBCBCBCDDDDAABCBACBCCDDDADCDACCACCBDDDBABACBDCAABBCDADBBCDAADCDDDDACDCDABDDCAAA,3500,100,100,2,384,96,0.2,0.0239719999999999,0.1198599999999999,AdamW,0.0003,0.01,128,0,223972,0.223972,8.479275226593018,24,0.3533031344413757,443.08984375,0.0273813158273696,1.0,0.0,0.0,BCDDDCCDCAACADDDCACACCBCBCBCDDDDAABCBACBCCDDDADCDACCACCBDDDBABACBDCAABBCDADBBCDAADCDDDDACDCDABDDCAAA
7,matched_size_high_complexity,LinearAttention,4,90,0,BCDAADBCBDCCBDDCCBACBCAABCAACAABBDCBBDDADDCCABDAAAACBBBCAAAAADBBCDBBCAAADDAAADDBACBDDBCADBADCBCBDADDDACABCDDDCCDCAACADDDCACACCBCBCBCDDDDAABCBACBCCDDDADCDACCACCBDDDBABACBDCAABBCDADBBCDAADCDDDDACDCDABDDCAAABC,BCDDDCCDCAACADDDCACACCBCBCBCDDDDAABCBACBCCDDDADCDACCACCBDDDBABACBDCAABBCDADBBCDAADCDDDDACDCDABDDCAAA,3500,100,100,2,384,96,0.2,0.0239719999999999,0.1198599999999999,AdamW,0.0003,0.01,128,1,223972,0.223972,8.905508279800415,23,0.3871960121652354,443.08984375,0.0194836022953192,1.0,0.0,0.0,BCDDDCCDCAACADDDCACACCBCBCBCDDDDAABCBACBCCDDDADCDACCACCBDDDBABACBDCAABBCDADBBCDAADCDDDDACDCDABDDCAAA
8,matched_size_high_complexity,Performer,4,90,0,BCDAADBCBDCCBDDCCBACBCAABCAACAABBDCBBDDADDCCABDAAAACBBBCAAAAADBBCDBBCAAADDAAADDBACBDDBCADBADCBCBDADDDACABCDDDCCDCAACADDDCACACCBCBCBCDDDDAABCBACBCCDDDADCDACCACCBDDDBABACBDCAABBCDADBBCDAADCDDDDACDCDABDDCAAABC,BCDDDCCDCAACADDDCACACCBCBCBCDDDDAABCBACBCCDDDADCDACCACCBDDDBABACBDCAABBCDADBBCDAADCDDDDACDCDABDDCAAA,3500,100,100,2,320,80,0.2,0.012588,0.06294,AdamW,0.0003,0.01,128,0,187412,0.187412,97.3900547027588,15,6.4926703135172525,952.91552734375,0.0441866281131903,1.0,0.0,0.0,BCDDDCCDCAACADDDCACACCBCBCBCDDDDAABCBACBCCDDDADCDACCACCBDDDBABACBDCAABBCDADBBCDAADCDDDDACDCDABDDCAAA
9,matched_size_high_complexity,Performer,4,90,0,BCDAADBCBDCCBDDCCBACBCAABCAACAABBDCBBDDADDCCABDAAAACBBBCAAAAADBBCDBBCAAADDAAADDBACBDDBCADBADCBCBDADDDACABCDDDCCDCAACADDDCACACCBCBCBCDDDDAABCBACBCCDDDADCDACCACCBDDDBABACBDCAABBCDADBBCDAADCDDDDACDCDABDDCAAABC,BCDDDCCDCAACADDDCACACCBCBCBCDDDDAABCBACBCCDDDADCDACCACCBDDDBABACBDCAABBCDADBBCDAADCDDDDACDCDABDDCAAA,3500,100,100,2,320,80,0.2,0.012588,0.06294,AdamW,0.0003,0.01,128,1,187412,0.187412,154.0184280872345,26,5.923785695662866,952.91552734375,0.0217198977867762,1.0,0.0,0.0,BCDDDCCDCAACADDDCACACCBCBCBCDDDDAABCBACBCCDDDADCDACCACCBDDDBABACBDCAABBCDADBBCDAADCDDDDACDCDABDDCAAA
10,matched_size_high_complexity,RWKV,4,90,0,BCDAADBCBDCCBDDCCBACBCAABCAACAABBDCBBDDADDCCABDAAAACBBBCAAAAADBBCDBBCAAADDAAADDBACBDDBCADBADCBCBDADDDACABCDDDCCDCAACADDDCACACCBCBCBCDDDDAABCBACBCCDDDADCDACCACCBDDDBABACBDCAABBCDADBBCDAADCDDDDACDCDABDDCAAABC,BCDDDCCDCAACADDDCACACCBCBCBCDDDDAABCBACBCCDDDADCDACCACCBDDDBABACBDCAABBCDADBBCDAADCDDDDACDCDABDDCAAA,3500,100,100,2,384,96,0.2,0.0255079999999999,0.1275399999999998,AdamW,0.0003,0.01,128,0,225508,0.225508,40.69806432723999,29,1.403381528525517,250.41162109375,0.0328600549449523,0.993939393939394,0.43,0.0793191489361702,BCDDDCCDCAACADDDCACACCBDDDBABACBDCAABBCDAADCDDDDACDCDABDDCAAABCBCDAADBCBDCCBDDCCBACBCAABCAACAABBDCBB
11,matched_size_high_complexity,RWKV,4,90,0,BCDAADBCBDCCBDDCCBACBCAABCAACAABBDCBBDDADDCCABDAAAACBBBCAAAAADBBCDBBCAAADDAAADDBACBDDBCADBADCBCBDADDDACABCDDDCCDCAACADDDCACACCBCBCBCDDDDAABCBACBCCDDDADCDACCACCBDDDBABACBDCAABBCDADBBCDAADCDDDDACDCDABDDCAAABC,BCDDDCCDCAACADDDCACACCBCBCBCDDDDAABCBACBCCDDDADCDACCACCBDDDBABACBDCAABBCDADBBCDAADCDDDDACDCDABDDCAAA,3500,100,100,2,384,96,0.2,0.0255079999999999,0.1275399999999998,AdamW,0.0003,0.01,128,1,225508,0.225508,36.7174015045166,26,1.4122077501737154,250.41162109375,0.0415183566510677,0.987878787878788,0.43,0.0793191489361702,BCDDDCCDCAACADDDCACACCBDDDBABACBDCAABBCDAADCDDDDACDCDABDDCAAABCBCDAADBCBDCCBDDCCBACBCAABCAACAABBDCBB
12,matched_size_high_complexity,LSTM,4,90,1,BDCABCABCDCABADCCBADABABBCCADBBBCDDBAABCCCABABCCCDADDCADAACCDCCDADABBCADBBABDBDABCBABCDCABDAABADCBCCADDDDDABDCBABBDADACBCADAACCDDABBCCDCAABDBAAABBCCDDCBDCDABBBAADCCDBBBDDBACBBCCCACCABACDADADAAADBDAACCC,CDADADAAADBDAACCCBDCABCABCDCABADCCBADABABBCCADBBBCDDBAABCCCABABCCCDADDCADAACCDCCDADABBCADBBABDBDABCB,3500,100,100,2,128,0,0.2,0.0012199999999999,0.0060999999999999,AdamW,0.0003,0.01,128,0,201220,0.20122,99.30922770500185,93,1.0678411581182992,211.8134765625,0.056816012909015,1.0,0.0,0.0,CDADADAAADBDAACCCBDCABCABCDCABADCCBADABABBCCADBBBCDDBAABCCCABABCCCDADDCADAACCDCCDADABBCADBBABDBDABCB
13,matched_size_high_complexity,LSTM,4,90,1,BDCABCABCDCABADCCBADABABBCCADBBBCDDBAABCCCABABCCCDADDCADAACCDCCDADABBCADBBABDBDABCBABCDCABDAABADCBCCADDDDDABDCBABBDADACBCADAACCDDABBCCDCAABDBAAABBCCDDCBDCDABBBAADCCDBBBDDBACBBCCCACCABACDADADAAADBDAACCC,CDADADAAADBDAACCCBDCABCABCDCABADCCBADABABBCCADBBBCDDBAABCCCABABCCCDADDCADAACCDCCDADABBCADBBABDBDABCB,3500,100,100,2,128,0,0.2,0.0012199999999999,0.0060999999999999,AdamW,0.0003,0.01,128,1,201220,0.20122,101.86017894744872,95,1.0722124099731445,211.8134765625,0.0499675783018271,1.0,0.0,0.0,CDADADAAADBDAACCCBDCABCABCDCABADCCBADABABBCCADBBBCDDBAABCCCABABCCCDADDCADAACCDCCDADABBCADBBABDBDABCB
14,matched_size_high_complexity,GRU,4,90,1,BDCABCABCDCABADCCBADABABBCCADBBBCDDBAABCCCABABCCCDADDCADAACCDCCDADABBCADBBABDBDABCBABCDCABDAABADCBCCADDDDDABDCBABBDADACBCADAACCDDABBCCDCAABDBAAABBCCDDCBDCDABBBAADCCDBBBDDBACBBCCCACCABACDADADAAADBDAACCC,CDADADAAADBDAACCCBDCABCABCDCABADCCBADABABBCCADBBBCDDBAABCCCABABCCCDADDCADAACCDCCDADABBCADBBABDBDABCB,3500,100,100,2,160,0,0.2,0.034884,0.17442,AdamW,0.0003,0.01,128,0,234884,0.234884,63.12494063377381,56,1.1272310827459608,227.671875,0.0444559132059415,1.0,0.0,0.0,CDADADAAADBDAACCCBDCABCABCDCABADCCBADABABBCCADBBBCDDBAABCCCABABCCCDADDCADAACCDCCDADABBCADBBABDBDABCB
15,matched_size_high_complexity,GRU,4,90,1,BDCABCABCDCABADCCBADABABBCCADBBBCDDBAABCCCABABCCCDADDCADAACCDCCDADABBCADBBABDBDABCBABCDCABDAABADCBCCADDDDDABDCBABBDADACBCADAACCDDABBCCDCAABDBAAABBCCDDCBDCDABBBAADCCDBBBDDBACBBCCCACCABACDADADAAADBDAACCC,CDADADAAADBDAACCCBDCABCABCDCABADCCBADABABBCCADBBBCDDBAABCCCABABCCCDADDCADAACCDCCDADABBCADBBABDBDABCB,3500,100,100,2,160,0,0.2,0.034884,0.17442,AdamW,0.0003,0.01,128,1,234884,0.234884,68.24115204811096,60,1.137352534135183,227.671875,0.0499212096134821,1.0,0.0,0.0,CDADADAAADBDAACCCBDCABCABCDCABADCCBADABABBCCADBBBCDDBAABCCCABABCCCDADDCADAACCDCCDADABBCADBBABDBDABCB
16,matched_size_high_complexity,Transformer,4,90,1,BDCABCABCDCABADCCBADABABBCCADBBBCDDBAABCCCABABCCCDADDCADAACCDCCDADABBCADBBABDBDABCBABCDCABDAABADCBCCADDDDDABDCBABBDADACBCADAACCDDABBCCDCAABDBAAABBCCDDCBDCDABBBAADCCDBBBDDBACBBCCCACCABACDADADAAADBDAACCC,CDADADAAADBDAACCCBDCABCABCDCABADCCBADABABBCCADBBBCDDBAABCCCABABCCCDADDCADAACCDCCDADABBCADBBABDBDABCB,3500,100,100,2,256,64,0.2,0.0343079999999999,0.1715399999999999,AdamW,0.0003,0.01,128,0,234308,0.234308,13.762902736663818,31,0.4439646044085102,334.14501953125,0.0308609722803036,1.0,0.0,0.0,CDADADAAADBDAACCCBDCABCABCDCABADCCBADABABBCCADBBBCDDBAABCCCABABCCCDADDCADAACCDCCDADABBCADBBABDBDABCB
17,matched_size_high_complexity,Transformer,4,90,1,BDCABCABCDCABADCCBADABABBCCADBBBCDDBAABCCCABABCCCDADDCADAACCDCCDADABBCADBBABDBDABCBABCDCABDAABADCBCCADDDDDABDCBABBDADACBCADAACCDDABBCCDCAABDBAAABBCCDDCBDCDABBBAADCCDBBBDDBACBBCCCACCABACDADADAAADBDAACCC,CDADADAAADBDAACCCBDCABCABCDCABADCCBADABABBCCADBBBCDDBAABCCCABABCCCDADDCADAACCDCCDADABBCADBBABDBDABCB,3500,100,100,2,256,64,0.2,0.0343079999999999,0.1715399999999999,AdamW,0.0003,0.01,128,1,234308,0.234308,16.87205219268799,38,0.4440013734917891,334.14501953125,0.0201898571103811,1.0,0.0,0.0,CDADADAAADBDAACCCBDCABCABCDCABADCCBADABABBCCADBBBCDDBAABCCCABABCCCDADDCADAACCDCCDADABBCADBBABDBDABCB
18,matched_size_high_complexity,LinearAttention,4,90,1,BDCABCABCDCABADCCBADABABBCCADBBBCDDBAABCCCABABCCCDADDCADAACCDCCDADABBCADBBABDBDABCBABCDCABDAABADCBCCADDDDDABDCBABBDADACBCADAACCDDABBCCDCAABDBAAABBCCDDCBDCDABBBAADCCDBBBDDBACBBCCCACCABACDADADAAADBDAACCC,CDADADAAADBDAACCCBDCABCABCDCABADCCBADABABBCCADBBBCDDBAABCCCABABCCCDADDCADAACCDCCDADABBCADBBABDBDABCB,3500,100,100,2,384,96,0.2,0.0239719999999999,0.1198599999999999,AdamW,0.0003,0.01,128,0,223972,0.223972,7.402389049530029,23,0.3218430021534795,443.08984375,0.0453072811166445,1.0,0.0,0.0,CDADADAAADBDAACCCBDCABCABCDCABADCCBADABABBCCADBBBCDDBAABCCCABABCCCDADDCADAACCDCCDADABBCADBBABDBDABCB
19,matched_size_high_complexity,LinearAttention,4,90,1,BDCABCABCDCABADCCBADABABBCCADBBBCDDBAABCCCABABCCCDADDCADAACCDCCDADABBCADBBABDBDABCBABCDCABDAABADCBCCADDDDDABDCBABBDADACBCADAACCDDABBCCDCAABDBAAABBCCDDCBDCDABBBAADCCDBBBDDBACBBCCCACCABACDADADAAADBDAACCC,CDADADAAADBDAACCCBDCABCABCDCABADCCBADABABBCCADBBBCDDBAABCCCABABCCCDADDCADAACCDCCDADABBCADBBABDBDABCB,3500,100,100,2,384,96,0.2,0.0239719999999999,0.1198599999999999,AdamW,0.0003,0.01,128,1,223972,0.223972,7.658901691436768,24,0.3191209038098653,443.08984375,0.0259588286280632,1.0,0.0,0.0,CDADADAAADBDAACCCBDCABCABCDCABADCCBADABABBCCADBBBCDDBAABCCCABABCCCDADDCADAACCDCCDADABBCADBBABDBDABCB
20,matched_size_high_complexity,Performer,4,90,1,BDCABCABCDCABADCCBADABABBCCADBBBCDDBAABCCCABABCCCDADDCADAACCDCCDADABBCADBBABDBDABCBABCDCABDAABADCBCCADDDDDABDCBABBDADACBCADAACCDDABBCCDCAABDBAAABBCCDDCBDCDABBBAADCCDBBBDDBACBBCCCACCABACDADADAAADBDAACCC,CDADADAAADBDAACCCBDCABCABCDCABADCCBADABABBCCADBBBCDDBAABCCCABABCCCDADDCADAACCDCCDADABBCADBBABDBDABCB,3500,100,100,2,320,80,0.2,0.012588,0.06294,AdamW,0.0003,0.01,128,0,187412,0.187412,100.120539188385,16,6.257533699274063,949.57177734375,0.0345047631611426,1.0,0.0,0.0,CDADADAAADBDAACCCBDCABCABCDCABADCCBADABABBCCADBBBCDDBAABCCCABABCCCDADDCADAACCDCCDADABBCADBBABDBDABCB
21,matched_size_high_complexity,Performer,4,90,1,BDCABCABCDCABADCCBADABABBCCADBBBCDDBAABCCCABABCCCDADDCADAACCDCCDADABBCADBBABDBDABCBABCDCABDAABADCBCCADDDDDABDCBABBDADACBCADAACCDDABBCCDCAABDBAAABBCCDDCBDCDABBBAADCCDBBBDDBACBBCCCACCABACDADADAAADBDAACCC,CDADADAAADBDAACCCBDCABCABCDCABADCCBADABABBCCADBBBCDDBAABCCCABABCCCDADDCADAACCDCCDADABBCADBBABDBDABCB,3500,100,100,2,320,80,0.2,0.012588,0.06294,AdamW,0.0003,0.01,128,1,187412,0.187412,148.23871421813965,25,5.929548568725586,949.57177734375,0.0169194775323073,1.0,0.0,0.0,CDADADAAADBDAACCCBDCABCABCDCABADCCBADABABBCCADBBBCDDBAABCCCABABCCCDADDCADAACCDCCDADABBCADBBABDBDABCB
22,matched_size_high_complexity,RWKV,4,90,1,BDCABCABCDCABADCCBADABABBCCADBBBCDDBAABCCCABABCCCDADDCADAACCDCCDADABBCADBBABDBDABCBABCDCABDAABADCBCCADDDDDABDCBABBDADACBCADAACCDDABBCCDCAABDBAAABBCCDDCBDCDABBBAADCCDBBBDDBACBBCCCACCABACDADADAAADBDAACCC,CDADADAAADBDAACCCBDCABCABCDCABADCCBADABABBCCADBBBCDDBAABCCCABABCCCDADDCADAACCDCCDADABBCADBBABDBDABCB,3500,100,100,2,384,96,0.2,0.0255079999999999,0.1275399999999998,AdamW,0.0003,0.01,128,0,225508,0.225508,39.248066902160645,28,1.401716675077166,250.41162109375,0.0361736839016278,1.0,0.0,0.0,CDADADAAADBDAACCCBDCABCABCDCABADCCBADABABBCCADBBBCDDBAABCCCABABCCCDADDCADAACCDCCDADABBCADBBABDBDABCB
23,matched_size_high_complexity,RWKV,4,90,1,BDCABCABCDCABADCCBADABABBCCADBBBCDDBAABCCCABABCCCDADDCADAACCDCCDADABBCADBBABDBDABCBABCDCABDAABADCBCCADDDDDABDCBABBDADACBCADAACCDDABBCCDCAABDBAAABBCCDDCBDCDABBBAADCCDBBBDDBACBBCCCACCABACDADADAAADBDAACCC,CDADADAAADBDAACCCBDCABCABCDCABADCCBADABABBCCADBBBCDDBAABCCCABABCCCDADDCADAACCDCCDADABBCADBBABDBDABCB,3500,100,100,2,384,96,0.2,0.0255079999999999,0.1275399999999998,AdamW,0.0003,0.01,128,1,225508,0.225508,43.685407400131226,31,1.4092066903268137,250.41162109375,0.0382808744907379,0.990909090909091,0.21,0.0577777777777777,CDADADAAADBDAACCCBDCABCABCDCABADCCBADABABBCCADBBBCDDBAABCCCABABCCCABABCCCABABCCCABABCCCABABCCCABABCC
24,matched_size_high_complexity,LSTM,8,90,0,BEDFCGHACDHEHBGBGAGBDBAFEGHAGGHEHAFGGEAAGCEAACHDHGBCBECGCGADDHFAEFDGAHACBBFHGECGCBGCECDCHEGHECGDFAAHBACEBHEFGFCDHEFECFCCABGFCEDCGADC,BACEBHEFGFCDHEFECFCCABGFCEDCGADCBEDFCGHACDHEHBGBGAGBDBAFEGHAGGHEHAFGGEAAGCEAACHDHGBCBECGCGADDHFAEFDG,3500,100,100,2,128,0,0.2,0.0037839999999999,0.0189199999999999,AdamW,0.0003,0.01,128,0,203784,0.203784,127.49968385696413,120,1.062497365474701,217.0732421875,0.0427349172532558,1.0,0.0,0.0,BACEBHEFGFCDHEFECFCCABGFCEDCGADCBEDFCGHACDHEHBGBGAGBDBAFEGHAGGHEHAFGGEAAGCEAACHDHGBCBECGCGADDHFAEFDG
25,matched_size_high_complexity,LSTM,8,90,0,BEDFCGHACDHEHBGBGAGBDBAFEGHAGGHEHAFGGEAAGCEAACHDHGBCBECGCGADDHFAEFDGAHACBBFHGECGCBGCECDCHEGHECGDFAAHBACEBHEFGFCDHEFECFCCABGFCEDCGADC,BACEBHEFGFCDHEFECFCCABGFCEDCGADCBEDFCGHACDHEHBGBGAGBDBAFEGHAGGHEHAFGGEAAGCEAACHDHGBCBECGCGADDHFAEFDG,3500,100,100,2,128,0,0.2,0.0037839999999999,0.0189199999999999,AdamW,0.0003,0.01,128,1,203784,0.203784,91.06238794326782,85,1.0713222110972684,217.0732421875,0.0865067690610885,1.0,0.0,0.0,BACEBHEFGFCDHEFECFCCABGFCEDCGADCBEDFCGHACDHEHBGBGAGBDBAFEGHAGGHEHAFGGEAAGCEAACHDHGBCBECGCGADDHFAEFDG
26,matched_size_high_complexity,GRU,8,90,0,BEDFCGHACDHEHBGBGAGBDBAFEGHAGGHEHAFGGEAAGCEAACHDHGBCBECGCGADDHFAEFDGAHACBBFHGECGCBGCECDCHEGHECGDFAAHBACEBHEFGFCDHEFECFCCABGFCEDCGADC,BACEBHEFGFCDHEFECFCCABGFCEDCGADCBEDFCGHACDHEHBGBGAGBDBAFEGHAGGHEHAFGGEAAGCEAACHDHGBCBECGCGADDHFAEFDG,3500,100,100,2,160,0,0.2,0.0374479999999999,0.1872399999999999,AdamW,0.0003,0.01,128,0,237448,0.237448,51.373871088027954,45,1.1416415797339543,233.2724609375,0.0474087769786516,1.0,0.0,0.0,BACEBHEFGFCDHEFECFCCABGFCEDCGADCBEDFCGHACDHEHBGBGAGBDBAFEGHAGGHEHAFGGEAAGCEAACHDHGBCBECGCGADDHFAEFDG
27,matched_size_high_complexity,GRU,8,90,0,BEDFCGHACDHEHBGBGAGBDBAFEGHAGGHEHAFGGEAAGCEAACHDHGBCBECGCGADDHFAEFDGAHACBBFHGECGCBGCECDCHEGHECGDFAAHBACEBHEFGFCDHEFECFCCABGFCEDCGADC,BACEBHEFGFCDHEFECFCCABGFCEDCGADCBEDFCGHACDHEHBGBGAGBDBAFEGHAGGHEHAFGGEAAGCEAACHDHGBCBECGCGADDHFAEFDG,3500,100,100,2,160,0,0.2,0.0374479999999999,0.1872399999999999,AdamW,0.0003,0.01,128,1,237448,0.237448,46.87781071662903,41,1.1433612369909518,233.2724609375,0.0451400478680928,1.0,0.0,0.0,BACEBHEFGFCDHEFECFCCABGFCEDCGADCBEDFCGHACDHEHBGBGAGBDBAFEGHAGGHEHAFGGEAAGCEAACHDHGBCBECGCGADDHFAEFDG
28,matched_size_high_complexity,Transformer,8,90,0,BEDFCGHACDHEHBGBGAGBDBAFEGHAGGHEHAFGGEAAGCEAACHDHGBCBECGCGADDHFAEFDGAHACBBFHGECGCBGCECDCHEGHECGDFAAHBACEBHEFGFCDHEFECFCCABGFCEDCGADC,BACEBHEFGFCDHEFECFCCABGFCEDCGADCBEDFCGHACDHEHBGBGAGBDBAFEGHAGGHEHAFGGEAAGCEAACHDHGBCBECGCGADDHFAEFDG,3500,100,100,2,256,64,0.2,0.0348239999999999,0.1741199999999999,AdamW,0.0003,0.01,128,0,234824,0.234824,8.55747127532959,19,0.4503932250173468,338.10302734375,0.0498534552752971,1.0,0.0,0.0,BACEBHEFGFCDHEFECFCCABGFCEDCGADCBEDFCGHACDHEHBGBGAGBDBAFEGHAGGHEHAFGGEAAGCEAACHDHGBCBECGCGADDHFAEFDG
29,matched_size_high_complexity,Transformer,8,90,0,BEDFCGHACDHEHBGBGAGBDBAFEGHAGGHEHAFGGEAAGCEAACHDHGBCBECGCGADDHFAEFDGAHACBBFHGECGCBGCECDCHEGHECGDFAAHBACEBHEFGFCDHEFECFCCABGFCEDCGADC,BACEBHEFGFCDHEFECFCCABGFCEDCGADCBEDFCGHACDHEHBGBGAGBDBAFEGHAGGHEHAFGGEAAGCEAACHDHGBCBECGCGADDHFAEFDG,3500,100,100,2,256,64,0.2,0.0348239999999999,0.1741199999999999,AdamW,0.0003,0.01,128,1,234824,0.234824,9.455514669418337,21,0.450262603305635,338.10302734375,0.0415908694267272,1.0,0.0,0.0,BACEBHEFGFCDHEFECFCCABGFCEDCGADCBEDFCGHACDHEHBGBGAGBDBAFEGHAGGHEHAFGGEAAGCEAACHDHGBCBECGCGADDHFAEFDG
30,matched_size_high_complexity,LinearAttention,8,90,0,BEDFCGHACDHEHBGBGAGBDBAFEGHAGGHEHAFGGEAAGCEAACHDHGBCBECGCGADDHFAEFDGAHACBBFHGECGCBGCECDCHEGHECGDFAAHBACEBHEFGFCDHEFECFCCABGFCEDCGADC,BACEBHEFGFCDHEFECFCCABGFCEDCGADCBEDFCGHACDHEHBGBGAGBDBAFEGHAGGHEHAFGGEAAGCEAACHDHGBCBECGCGADDHFAEFDG,3500,100,100,2,384,96,0.2,0.0247439999999999,0.1237199999999999,AdamW,0.0003,0.01,128,0,224744,0.224744,5.838840007781982,18,0.3243800004323323,449.126953125,0.0285743239025274,1.0,0.0,0.0,BACEBHEFGFCDHEFECFCCABGFCEDCGADCBEDFCGHACDHEHBGBGAGBDBAFEGHAGGHEHAFGGEAAGCEAACHDHGBCBECGCGADDHFAEFDG
31,matched_size_high_complexity,LinearAttention,8,90,0,BEDFCGHACDHEHBGBGAGBDBAFEGHAGGHEHAFGGEAAGCEAACHDHGBCBECGCGADDHFAEFDGAHACBBFHGECGCBGCECDCHEGHECGDFAAHBACEBHEFGFCDHEFECFCCABGFCEDCGADC,BACEBHEFGFCDHEFECFCCABGFCEDCGADCBEDFCGHACDHEHBGBGAGBDBAFEGHAGGHEHAFGGEAAGCEAACHDHGBCBECGCGADDHFAEFDG,3500,100,100,2,384,96,0.2,0.0247439999999999,0.1237199999999999,AdamW,0.0003,0.01,128,1,224744,0.224744,5.48343300819397,17,0.3225548828349394,449.126953125,0.0271252288172642,1.0,0.0,0.0,BACEBHEFGFCDHEFECFCCABGFCEDCGADCBEDFCGHACDHEHBGBGAGBDBAFEGHAGGHEHAFGGEAAGCEAACHDHGBCBECGCGADDHFAEFDG
32,matched_size_high_complexity,Performer,8,90,0,BEDFCGHACDHEHBGBGAGBDBAFEGHAGGHEHAFGGEAAGCEAACHDHGBCBECGCGADDHFAEFDGAHACBBFHGECGCBGCECDCHEGHECGDFAAHBACEBHEFGFCDHEFECFCCABGFCEDCGADC,BACEBHEFGFCDHEFECFCCABGFCEDCGADCBEDFCGHACDHEHBGBGAGBDBAFEGHAGGHEHAFGGEAAGCEAACHDHGBCBECGCGADDHFAEFDG,3500,100,100,2,320,80,0.2,0.011944,0.05972,AdamW,0.0003,0.01,128,0,188056,0.188056,104.6558609008789,17,6.156227111816406,955.82275390625,0.0490794753034909,1.0,0.0,0.0,BACEBHEFGFCDHEFECFCCABGFCEDCGADCBEDFCGHACDHEHBGBGAGBDBAFEGHAGGHEHAFGGEAAGCEAACHDHGBCBECGCGADDHFAEFDG
33,matched_size_high_complexity,Performer,8,90,0,BEDFCGHACDHEHBGBGAGBDBAFEGHAGGHEHAFGGEAAGCEAACHDHGBCBECGCGADDHFAEFDGAHACBBFHGECGCBGCECDCHEGHECGDFAAHBACEBHEFGFCDHEFECFCCABGFCEDCGADC,BACEBHEFGFCDHEFECFCCABGFCEDCGADCBEDFCGHACDHEHBGBGAGBDBAFEGHAGGHEHAFGGEAAGCEAACHDHGBCBECGCGADDHFAEFDG,3500,100,100,2,320,80,0.2,0.011944,0.05972,AdamW,0.0003,0.01,128,1,188056,0.188056,79.70904493331909,13,6.131464994870699,955.82275390625,0.0357678768535455,1.0,0.0,0.0,BACEBHEFGFCDHEFECFCCABGFCEDCGADCBEDFCGHACDHEHBGBGAGBDBAFEGHAGGHEHAFGGEAAGCEAACHDHGBCBECGCGADDHFAEFDG
34,matched_size_high_complexity,RWKV,8,90,0,BEDFCGHACDHEHBGBGAGBDBAFEGHAGGHEHAFGGEAAGCEAACHDHGBCBECGCGADDHFAEFDGAHACBBFHGECGCBGCECDCHEGHECGDFAAHBACEBHEFGFCDHEFECFCCABGFCEDCGADC,BACEBHEFGFCDHEFECFCCABGFCEDCGADCBEDFCGHACDHEHBGBGAGBDBAFEGHAGGHEHAFGGEAAGCEAACHDHGBCBECGCGADDHFAEFDG,3500,100,100,2,384,96,0.2,0.0262799999999999,0.1314,AdamW,0.0003,0.01,128,0,226280,0.22628,12.021813869476318,8,1.5027267336845398,256.41455078125,0.0369515269994735,1.0,0.0,0.0,BACEBHEFGFCDHEFECFCCABGFCEDCGADCBEDFCGHACDHEHBGBGAGBDBAFEGHAGGHEHAFGGEAAGCEAACHDHGBCBECGCGADDHFAEFDG
35,matched_size_high_complexity,RWKV,8,90,0,BEDFCGHACDHEHBGBGAGBDBAFEGHAGGHEHAFGGEAAGCEAACHDHGBCBECGCGADDHFAEFDGAHACBBFHGECGCBGCECDCHEGHECGDFAAHBACEBHEFGFCDHEFECFCCABGFCEDCGADC,BACEBHEFGFCDHEFECFCCABGFCEDCGADCBEDFCGHACDHEHBGBGAGBDBAFEGHAGGHEHAFGGEAAGCEAACHDHGBCBECGCGADDHFAEFDG,3500,100,100,2,384,96,0.2,0.0262799999999999,0.1314,AdamW,0.0003,0.01,128,1,226280,0.22628,10.655345439910889,7,1.5221922057015556,256.41455078125,0.0496345634261767,1.0,0.0,0.0,BACEBHEFGFCDHEFECFCCABGFCEDCGADCBEDFCGHACDHEHBGBGAGBDBAFEGHAGGHEHAFGGEAAGCEAACHDHGBCBECGCGADDHFAEFDG
36,matched_size_high_complexity,LSTM,8,90,1,GFBHDECACAAEGGCDDHDCBFCAGDEAGHFCBFAAHDDCFEGHHFFBECHCFBHFBFBAHHGBGCDECBHEBGHDFBHACHHAAGBDCDABBCDEHGDCHCHGBBDHBDEHFDADCCDEAECFAHHDGFGBABEGCBA,GCDECBHEBGHDFBHACHHAAGBDCDABBCDEHGDCHCHGBBDHBDEHFDADCCDEAECFAHHDGFGBABEGCBAGFBHDECACAAEGGCDDHDCBFCAG,3500,100,100,2,128,0,0.2,0.0037839999999999,0.0189199999999999,AdamW,0.0003,0.01,128,0,203784,0.203784,93.55321025848389,88,1.063104662028226,217.86962890625,0.0563368747631708,1.0,0.0,0.0,GCDECBHEBGHDFBHACHHAAGBDCDABBCDEHGDCHCHGBBDHBDEHFDADCCDEAECFAHHDGFGBABEGCBAGFBHDECACAAEGGCDDHDCBFCAG
37,matched_size_high_complexity,LSTM,8,90,1,GFBHDECACAAEGGCDDHDCBFCAGDEAGHFCBFAAHDDCFEGHHFFBECHCFBHFBFBAHHGBGCDECBHEBGHDFBHACHHAAGBDCDABBCDEHGDCHCHGBBDHBDEHFDADCCDEAECFAHHDGFGBABEGCBA,GCDECBHEBGHDFBHACHHAAGBDCDABBCDEHGDCHCHGBBDHBDEHFDADCCDEAECFAHHDGFGBABEGCBAGFBHDECACAAEGGCDDHDCBFCAG,3500,100,100,2,128,0,0.2,0.0037839999999999,0.0189199999999999,AdamW,0.0003,0.01,128,1,203784,0.203784,107.04463529586792,100,1.0704463529586792,217.86962890625,0.0621146199603875,1.0,0.0,0.0,GCDECBHEBGHDFBHACHHAAGBDCDABBCDEHGDCHCHGBBDHBDEHFDADCCDEAECFAHHDGFGBABEGCBAGFBHDECACAAEGGCDDHDCBFCAG
38,matched_size_high_complexity,GRU,8,90,1,GFBHDECACAAEGGCDDHDCBFCAGDEAGHFCBFAAHDDCFEGHHFFBECHCFBHFBFBAHHGBGCDECBHEBGHDFBHACHHAAGBDCDABBCDEHGDCHCHGBBDHBDEHFDADCCDEAECFAHHDGFGBABEGCBA,GCDECBHEBGHDFBHACHHAAGBDCDABBCDEHGDCHCHGBBDHBDEHFDADCCDEAECFAHHDGFGBABEGCBAGFBHDECACAAEGGCDDHDCBFCAG,3500,100,100,2,160,0,0.2,0.0374479999999999,0.1872399999999999,AdamW,0.0003,0.01,128,0,237448,0.237448,45.50897812843323,43,1.0583483285682147,233.72802734375,0.0433910811940828,1.0,0.0,0.0,GCDECBHEBGHDFBHACHHAAGBDCDABBCDEHGDCHCHGBBDHBDEHFDADCCDEAECFAHHDGFGBABEGCBAGFBHDECACAAEGGCDDHDCBFCAG
39,matched_size_high_complexity,GRU,8,90,1,GFBHDECACAAEGGCDDHDCBFCAGDEAGHFCBFAAHDDCFEGHHFFBECHCFBHFBFBAHHGBGCDECBHEBGHDFBHACHHAAGBDCDABBCDEHGDCHCHGBBDHBDEHFDADCCDEAECFAHHDGFGBABEGCBA,GCDECBHEBGHDFBHACHHAAGBDCDABBCDEHGDCHCHGBBDHBDEHFDADCCDEAECFAHHDGFGBABEGCBAGFBHDECACAAEGGCDDHDCBFCAG,3500,100,100,2,160,0,0.2,0.0374479999999999,0.1872399999999999,AdamW,0.0003,0.01,128,1,237448,0.237448,53.65048670768738,47,1.1414997171848378,233.72802734375,0.0475010449687639,1.0,0.0,0.0,GCDECBHEBGHDFBHACHHAAGBDCDABBCDEHGDCHCHGBBDHBDEHFDADCCDEAECFAHHDGFGBABEGCBAGFBHDECACAAEGGCDDHDCBFCAG
40,matched_size_high_complexity,Transformer,8,90,1,GFBHDECACAAEGGCDDHDCBFCAGDEAGHFCBFAAHDDCFEGHHFFBECHCFBHFBFBAHHGBGCDECBHEBGHDFBHACHHAAGBDCDABBCDEHGDCHCHGBBDHBDEHFDADCCDEAECFAHHDGFGBABEGCBA,GCDECBHEBGHDFBHACHHAAGBDCDABBCDEHGDCHCHGBBDHBDEHFDADCCDEAECFAHHDGFGBABEGCBAGFBHDECACAAEGGCDDHDCBFCAG,3500,100,100,2,256,64,0.2,0.0348239999999999,0.1741199999999999,AdamW,0.0003,0.01,128,0,234824,0.234824,9.87481164932251,22,0.448855074969205,338.2060546875,0.0469866419831911,0.993939393939394,0.04,0.0181414141414141,GCDECBHEBGHDFBHACHHAAGBDCDABCDEHGDCHFBGBHBDHBDEHFDADCCDEAECFAHHDGFGBABEGCBAGFBHDECACAAEGGCDDHDCBFCAG
41,matched_size_high_complexity,Transformer,8,90,1,GFBHDECACAAEGGCDDHDCBFCAGDEAGHFCBFAAHDDCFEGHHFFBECHCFBHFBFBAHHGBGCDECBHEBGHDFBHACHHAAGBDCDABBCDEHGDCHCHGBBDHBDEHFDADCCDEAECFAHHDGFGBABEGCBA,GCDECBHEBGHDFBHACHHAAGBDCDABBCDEHGDCHCHGBBDHBDEHFDADCCDEAECFAHHDGFGBABEGCBAGFBHDECACAAEGGCDDHDCBFCAG,3500,100,100,2,256,64,0.2,0.0348239999999999,0.1741199999999999,AdamW,0.0003,0.01,128,1,234824,0.234824,8.99979853630066,20,0.4499899268150329,338.2060546875,0.0429114910463492,1.0,0.0,0.0,GCDECBHEBGHDFBHACHHAAGBDCDABBCDEHGDCHCHGBBDHBDEHFDADCCDEAECFAHHDGFGBABEGCBAGFBHDECACAAEGGCDDHDCBFCAG
42,matched_size_high_complexity,LinearAttention,8,90,1,GFBHDECACAAEGGCDDHDCBFCAGDEAGHFCBFAAHDDCFEGHHFFBECHCFBHFBFBAHHGBGCDECBHEBGHDFBHACHHAAGBDCDABBCDEHGDCHCHGBBDHBDEHFDADCCDEAECFAHHDGFGBABEGCBA,GCDECBHEBGHDFBHACHHAAGBDCDABBCDEHGDCHCHGBBDHBDEHFDADCCDEAECFAHHDGFGBABEGCBAGFBHDECACAAEGGCDDHDCBFCAG,3500,100,100,2,384,96,0.2,0.0247439999999999,0.1237199999999999,AdamW,0.0003,0.01,128,0,224744,0.224744,5.8328611850738525,18,0.324047843615214,448.33056640625,0.0277125897506872,1.0,0.0,0.0,GCDECBHEBGHDFBHACHHAAGBDCDABBCDEHGDCHCHGBBDHBDEHFDADCCDEAECFAHHDGFGBABEGCBAGFBHDECACAAEGGCDDHDCBFCAG
43,matched_size_high_complexity,LinearAttention,8,90,1,GFBHDECACAAEGGCDDHDCBFCAGDEAGHFCBFAAHDDCFEGHHFFBECHCFBHFBFBAHHGBGCDECBHEBGHDFBHACHHAAGBDCDABBCDEHGDCHCHGBBDHBDEHFDADCCDEAECFAHHDGFGBABEGCBA,GCDECBHEBGHDFBHACHHAAGBDCDABBCDEHGDCHCHGBBDHBDEHFDADCCDEAECFAHHDGFGBABEGCBAGFBHDECACAAEGGCDDHDCBFCAG,3500,100,100,2,384,96,0.2,0.0247439999999999,0.1237199999999999,AdamW,0.0003,0.01,128,1,224744,0.224744,5.819045782089233,18,0.3232803212271796,448.33056640625,0.0468963881333669,1.0,0.0,0.0,GCDECBHEBGHDFBHACHHAAGBDCDABBCDEHGDCHCHGBBDHBDEHFDADCCDEAECFAHHDGFGBABEGCBAGFBHDECACAAEGGCDDHDCBFCAG
44,matched_size_high_complexity,Performer,8,90,1,GFBHDECACAAEGGCDDHDCBFCAGDEAGHFCBFAAHDDCFEGHHFFBECHCFBHFBFBAHHGBGCDECBHEBGHDFBHACHHAAGBDCDABBCDEHGDCHCHGBBDHBDEHFDADCCDEAECFAHHDGFGBABEGCBA,GCDECBHEBGHDFBHACHHAAGBDCDABBCDEHGDCHCHGBBDHBDEHFDADCCDEAECFAHHDGFGBABEGCBAGFBHDECACAAEGGCDDHDCBFCAG,3500,100,100,2,320,80,0.2,0.011944,0.05972,AdamW,0.0003,0.01,128,0,188056,0.188056,87.2545804977417,14,6.2324700355529785,954.7421875,0.0391281420985857,1.0,0.0,0.0,GCDECBHEBGHDFBHACHHAAGBDCDABBCDEHGDCHCHGBBDHBDEHFDADCCDEAECFAHHDGFGBABEGCBAGFBHDECACAAEGGCDDHDCBFCAG
45,matched_size_high_complexity,Performer,8,90,1,GFBHDECACAAEGGCDDHDCBFCAGDEAGHFCBFAAHDDCFEGHHFFBECHCFBHFBFBAHHGBGCDECBHEBGHDFBHACHHAAGBDCDABBCDEHGDCHCHGBBDHBDEHFDADCCDEAECFAHHDGFGBABEGCBA,GCDECBHEBGHDFBHACHHAAGBDCDABBCDEHGDCHCHGBBDHBDEHFDADCCDEAECFAHHDGFGBABEGCBAGFBHDECACAAEGGCDDHDCBFCAG,3500,100,100,2,320,80,0.2,0.011944,0.05972,AdamW,0.0003,0.01,128,1,188056,0.188056,74.0190634727478,12,6.16825528939565,954.7421875,0.0448497223357359,1.0,0.0,0.0,GCDECBHEBGHDFBHACHHAAGBDCDABBCDEHGDCHCHGBBDHBDEHFDADCCDEAECFAHHDGFGBABEGCBAGFBHDECACAAEGGCDDHDCBFCAG
46,matched_size_high_complexity,RWKV,8,90,1,GFBHDECACAAEGGCDDHDCBFCAGDEAGHFCBFAAHDDCFEGHHFFBECHCFBHFBFBAHHGBGCDECBHEBGHDFBHACHHAAGBDCDABBCDEHGDCHCHGBBDHBDEHFDADCCDEAECFAHHDGFGBABEGCBA,GCDECBHEBGHDFBHACHHAAGBDCDABBCDEHGDCHCHGBBDHBDEHFDADCCDEAECFAHHDGFGBABEGCBAGFBHDECACAAEGGCDDHDCBFCAG,3500,100,100,2,384,96,0.2,0.0262799999999999,0.1314,AdamW,0.0003,0.01,128,0,226280,0.22628,13.383700132369995,9,1.487077792485555,257.20849609375,0.0328156203031539,1.0,0.0,0.0,GCDECBHEBGHDFBHACHHAAGBDCDABBCDEHGDCHCHGBBDHBDEHFDADCCDEAECFAHHDGFGBABEGCBAGFBHDECACAAEGGCDDHDCBFCAG
47,matched_size_high_complexity,RWKV,8,90,1,GFBHDECACAAEGGCDDHDCBFCAGDEAGHFCBFAAHDDCFEGHHFFBECHCFBHFBFBAHHGBGCDECBHEBGHDFBHACHHAAGBDCDABBCDEHGDCHCHGBBDHBDEHFDADCCDEAECFAHHDGFGBABEGCBA,GCDECBHEBGHDFBHACHHAAGBDCDABBCDEHGDCHCHGBBDHBDEHFDADCCDEAECFAHHDGFGBABEGCBAGFBHDECACAAEGGCDDHDCBFCAG,3500,100,100,2,384,96,0.2,0.0262799999999999,0.1314,AdamW,0.0003,0.01,128,1,226280,0.22628,12.02359652519226,8,1.5029495656490326,257.20849609375,0.0417036873598893,1.0,0.0,0.0,GCDECBHEBGHDFBHACHHAAGBDCDABBCDEHGDCHCHGBBDHBDEHFDADCCDEAECFAHHDGFGBABEGCBAGFBHDECACAAEGGCDDHDCBFCAG
